{
  "project_info": {
    "project_number": "697470955890",
    "firebase_url": "https://e-commerce-mobile-app-1bc13-default-rtdb.firebaseio.com",
    "project_id": "e-commerce-mobile-app-1bc13",
    "storage_bucket": "e-commerce-mobile-app-1bc13.appspot.com"
  },
  "client": [
    {
      "client_info": {
        "mobilesdk_app_id": "1:697470955890:android:c6671820d0a5255117edeb",
        "android_client_info": {
          "package_name": "com.techdev.e_commercemobileapplication"
        }
      },
      "oauth_client": [
        {
          "client_id": "697470955890-5grtc5ogva436v2pufnohl07nqs8e52p.apps.googleusercontent.com",
          "client_type": 3
        }
      ],
      "api_key": [
        {
          "current_key": "AIzaSyC_0bDi42R0vdFrLKLTb8zHW_oF2tX6dU0"
        }
      ],
      "services": {
        "appinvite_service": {
          "other_platform_oauth_client": [
            {
              "client_id": "697470955890-5grtc5ogva436v2pufnohl07nqs8e52p.apps.googleusercontent.com",
              "client_type": 3
            }
          ]
        }
      }
    }
  ],
  "configuration_version": "1"
}